<data> <event start='2006-03-08' end='2007-12-31' isDuration='true' title='KACHA_GHAR' color='#bae3ff' textColor='#000000' >&lt;ul&gt;&lt;font size='4'&gt;&lt;b&gt;Category:&lt;/b&gt;&lt;/font&gt;HOUSING&lt;br /&gt;&lt;font size='4'&gt;&lt;b&gt;Donors:&lt;/b&gt;&lt;/font&gt;MR. ANSARI, MRS. LAYLA, MR. DHANIA&lt;br /&gt;&lt;font size='4'&gt;&lt;b&gt;Settlement Covered:&lt;/b&gt;&lt;/font&gt;Krushnanagar&lt;br /&gt;&lt;font size='4'&gt;&lt;b&gt;Milestones:&lt;/b&gt;&lt;/font&gt;No Milestones </event> <event start='2007-11-14' end='2012-01-25' isDuration='true' title='KACHA_GHAR' color='#bae3ff' textColor='#000000' >&lt;ul&gt;&lt;font size='4'&gt;&lt;b&gt;Category:&lt;/b&gt;&lt;/font&gt;HOUSING&lt;br /&gt;&lt;font size='4'&gt;&lt;b&gt;Donors:&lt;/b&gt;&lt;/font&gt;MRS. SUJATA, MRS. BENIWAL&lt;br /&gt;&lt;font size='4'&gt;&lt;b&gt;Settlement Covered:&lt;/b&gt;&lt;/font&gt;Danta&lt;br /&gt;&lt;font size='4'&gt;&lt;b&gt;Milestones:&lt;/b&gt;&lt;/font&gt;No Milestones </event> <event start='2012-03-21' end='2013-12-12' isDuration='true' title='KACHA_GHAR' color='#bae3ff' textColor='#000000' >&lt;ul&gt;&lt;font size='4'&gt;&lt;b&gt;Category:&lt;/b&gt;&lt;/font&gt;HOUSING&lt;br /&gt;&lt;font size='4'&gt;&lt;b&gt;Donors:&lt;/b&gt;&lt;/font&gt;MR. ANAND, MRS. ANAHITA, MRS. SHIROMANI&lt;br /&gt;&lt;font size='4'&gt;&lt;b&gt;Settlement Covered:&lt;/b&gt;&lt;/font&gt;Gopal Nagar&lt;br /&gt;&lt;font size='4'&gt;&lt;b&gt;Milestones:&lt;/b&gt;&lt;/font&gt;No Milestones </event> <event start='2009-07-14' end='2011-03-17' isDuration='true' title='KACHA_GHAR' color='#bae3ff' textColor='#000000' >&lt;ul&gt;&lt;font size='4'&gt;&lt;b&gt;Category:&lt;/b&gt;&lt;/font&gt;HOUSING&lt;br /&gt;&lt;font size='4'&gt;&lt;b&gt;Donors:&lt;/b&gt;&lt;/font&gt;MR. AKSHAY, MR. RANA, MR. JINDAL, MR. HAMEED&lt;br /&gt;&lt;font size='4'&gt;&lt;b&gt;Settlement Covered:&lt;/b&gt;&lt;/font&gt;Gokuldham&lt;br /&gt;&lt;font size='4'&gt;&lt;b&gt;Milestones:&lt;/b&gt;&lt;/font&gt;No Milestones </event> <event start='2007-03-14' end='2012-03-02' isDuration='true' title='PAKKA_GHAR' color='#ff9d95' textColor='#000000' >&lt;ul&gt;&lt;font size='4'&gt;&lt;b&gt;Category:&lt;/b&gt;&lt;/font&gt;HOUSING&lt;br /&gt;&lt;font size='4'&gt;&lt;b&gt;Donors:&lt;/b&gt;&lt;/font&gt;MR. AHMED, MR. SUKUMAR, MR.DHAMDHARE&lt;br /&gt;&lt;font size='4'&gt;&lt;b&gt;Settlement Covered:&lt;/b&gt;&lt;/font&gt;Krushnanagar&lt;br /&gt;&lt;font size='4'&gt;&lt;b&gt;Milestones:&lt;/b&gt;&lt;/font&gt;No Milestones </event> <event start='2011-01-25' end='2012-03-21' isDuration='true' title='PAKKA_GHAR' color='#ff9d95' textColor='#000000' >&lt;ul&gt;&lt;font size='4'&gt;&lt;b&gt;Category:&lt;/b&gt;&lt;/font&gt;HOUSING&lt;br /&gt;&lt;font size='4'&gt;&lt;b&gt;Donors:&lt;/b&gt;&lt;/font&gt;MRS. SUJATA, MRS. BENIWAL, MR. RANJAN&lt;br /&gt;&lt;font size='4'&gt;&lt;b&gt;Settlement Covered:&lt;/b&gt;&lt;/font&gt;Danta&lt;br /&gt;&lt;font size='4'&gt;&lt;b&gt;Milestones:&lt;/b&gt;&lt;/font&gt;No Milestones </event> <event start='2006-03-08' end='2012-04-25' isDuration='true' title='VOCATIONAL TRAINING' color='#ac7bfb' textColor='#000000' >&lt;ul&gt;&lt;font size='4'&gt;&lt;b&gt;Category:&lt;/b&gt;&lt;/font&gt;SCHOOLING&lt;br /&gt;&lt;font size='4'&gt;&lt;b&gt;Donors:&lt;/b&gt;&lt;/font&gt;MR. ANSARI, MRS. LAYLA, MR. DHANIA&lt;br /&gt;&lt;font size='4'&gt;&lt;b&gt;Settlement Covered:&lt;/b&gt;&lt;/font&gt;Krushnanagar&lt;br /&gt;&lt;font size='4'&gt;&lt;b&gt;Milestones:&lt;/b&gt;&lt;/font&gt;No milestones till now </event> <event start='2007-03-14' end='2012-03-02' isDuration='true' title='VOCATIONAL TRAINING' color='#ac7bfb' textColor='#000000' >&lt;ul&gt;&lt;font size='4'&gt;&lt;b&gt;Category:&lt;/b&gt;&lt;/font&gt;SCHOOLING&lt;br /&gt;&lt;font size='4'&gt;&lt;b&gt;Donors:&lt;/b&gt;&lt;/font&gt;MR. AHMED, MR. SUKUMAR, MR.DHAMDHARE&lt;br /&gt;&lt;font size='4'&gt;&lt;b&gt;Settlement Covered:&lt;/b&gt;&lt;/font&gt;Dariyapur&lt;br /&gt;&lt;font size='4'&gt;&lt;b&gt;Milestones:&lt;/b&gt;&lt;/font&gt;No Milestones </event> <event start='2011-01-25' end='2012-03-21' isDuration='true' title='BALDOST' color='' textColor='#000000' >&lt;ul&gt;&lt;font size='4'&gt;&lt;b&gt;Category:&lt;/b&gt;&lt;/font&gt;SCHOOLING&lt;br /&gt;&lt;font size='4'&gt;&lt;b&gt;Donors:&lt;/b&gt;&lt;/font&gt;MRS. SUJATA, MRS. BENIWAL, MR. RANJAN&lt;br /&gt;&lt;font size='4'&gt;&lt;b&gt;Settlement Covered:&lt;/b&gt;&lt;/font&gt;Danta&lt;br /&gt;&lt;font size='4'&gt;&lt;b&gt;Milestones:&lt;/b&gt;&lt;/font&gt;PROPER CLOTHING, PROPER FOOD, ENTERTAINMENT, JOYFUL ENVIRONMENT </event> <event start='2011-01-11' end='2011-01-12' isDuration='true' title='Blanket Distribution ' color='' textColor='#000000' >&lt;ul&gt;&lt;font size='4'&gt;&lt;b&gt;Category:&lt;/b&gt;&lt;/font&gt;Others&lt;br /&gt;&lt;font size='4'&gt;&lt;b&gt;Donors:&lt;/b&gt;&lt;/font&gt;Mr. Rishabh&lt;br /&gt;&lt;font size='4'&gt;&lt;b&gt;Settlement Covered:&lt;/b&gt;&lt;/font&gt;Krushnanagar&lt;br /&gt;&lt;font size='4'&gt;&lt;b&gt;Milestones:&lt;/b&gt;&lt;/font&gt;No_milestones till now </event> <event start='2009-07-14' end='2011-03-17' isDuration='true' title='BLANKET DISTRIBUTION' color='' textColor='#000000' >&lt;ul&gt;&lt;font size='4'&gt;&lt;b&gt;Category:&lt;/b&gt;&lt;/font&gt;OTHERS&lt;br /&gt;&lt;font size='4'&gt;&lt;b&gt;Donors:&lt;/b&gt;&lt;/font&gt;MR. AKSHAY, MR. RANA, MR. JINDAL, MR. HAMEED&lt;br /&gt;&lt;font size='4'&gt;&lt;b&gt;Settlement Covered:&lt;/b&gt;&lt;/font&gt;Dariyapur&lt;br /&gt;&lt;font size='4'&gt;&lt;b&gt;Milestones:&lt;/b&gt;&lt;/font&gt;No Milestones </event> <event start='2012-03-21' end='2012-04-01' isDuration='true' title='SOLAR LIGHT DISTRIBUTION' color='' textColor='#000000' >&lt;ul&gt;&lt;font size='4'&gt;&lt;b&gt;Category:&lt;/b&gt;&lt;/font&gt;OTHERS&lt;br /&gt;&lt;font size='4'&gt;&lt;b&gt;Donors:&lt;/b&gt;&lt;/font&gt;MR. ANAND, MRS. ANAHITA, MRS. SHIROMANI&lt;br /&gt;&lt;font size='4'&gt;&lt;b&gt;Settlement Covered:&lt;/b&gt;&lt;/font&gt;Dariyapur&lt;br /&gt;&lt;font size='4'&gt;&lt;b&gt;Milestones:&lt;/b&gt;&lt;/font&gt;No Milestones </event> <event start='2012-04-03' end='2012-04-04' isDuration='true' title='SAMOOH VIVAH' color='' textColor='#000000' >&lt;ul&gt;&lt;font size='4'&gt;&lt;b&gt;Category:&lt;/b&gt;&lt;/font&gt;Marriage&lt;br /&gt;&lt;font size='4'&gt;&lt;b&gt;Donors:&lt;/b&gt;&lt;/font&gt;Mr. Solanki, Mrs. Ghantia&lt;br /&gt;&lt;font size='4'&gt;&lt;b&gt;Settlement Covered:&lt;/b&gt;&lt;/font&gt;Govind nagar&lt;br /&gt;&lt;font size='4'&gt;&lt;b&gt;Milestones:&lt;/b&gt;&lt;/font&gt;100 Couple got married </event> </data>